,County,State,num_icu_be,irr2010,popOver60,deaths,Total Population,cluster
0,Autauga,Alabama,6.0,0.48,10523,20,55036,1
1,Baldwin,Alabama,44.0,0.44,53519,14,203360,1
2,Barbour,Alabama,5.0,0.53,6150,3,26201,1
3,Blount,Alabama,6.0,0.49,13600,1,57667,1
4,Butler,Alabama,7.0,0.54,5151,32,20126,1
5,Calhoun,Alabama,24.0,0.42,27115,6,115527,1
6,Chilton,Alabama,6.0,0.5,9429,4,43805,1
7,Clay,Alabama,4.0,0.55,3480,2,13407,1
8,Coffee,Alabama,7.0,0.49,11027,4,51073,1
9,Colbert,Alabama,22.0,0.47,14062,8,54435,1
10,Covington,Alabama,13.0,0.52,10290,15,37519,1
11,Cullman,Alabama,12.0,0.47,19667,6,81703,1
12,Dale,Alabama,6.0,0.48,10498,3,49393,1
13,Dallas,Alabama,23.0,0.51,9436,12,40755,1
14,DeKalb,Alabama,12.0,0.48,15782,7,71194,1
15,Elmore,Alabama,5.0,0.46,15929,26,80989,1
16,Escambia,Alabama,14.0,0.51,8677,12,37621,1
17,Etowah,Alabama,40.0,0.42,25122,14,103132,1
18,Fayette,Alabama,8.0,0.54,4604,3,16657,1
19,Franklin,Alabama,7.0,0.51,7054,16,31507,1
20,Geneva,Alabama,6.0,0.52,6716,0,26572,1
21,Houston,Alabama,66.0,0.44,23474,10,104108,1
22,Jackson,Alabama,10.0,0.5,13441,4,52326,1
23,Jefferson,Alabama,281.0,0.31,138161,183,659460,0
24,Lauderdale,Alabama,36.0,0.45,23452,7,92590,1
25,Lawrence,Alabama,6.0,0.51,7710,0,33288,1
26,Lee,Alabama,20.0,0.41,24513,38,156597,1
27,Limestone,Alabama,10.0,0.45,18399,5,91695,1
28,Madison,Alabama,58.0,0.35,70040,14,353213,1
29,Marengo,Alabama,5.0,0.55,5124,11,19743,1
30,Marion,Alabama,8.0,0.52,8196,14,30058,1
31,Marshall,Alabama,20.0,0.45,21466,13,94738,1
32,Mobile,Alabama,76.0,0.37,88103,163,414328,0
33,Monroe,Alabama,8.0,0.54,5536,4,21745,1
34,Montgomery,Alabama,58.0,0.4,44214,121,227120,1
35,Morgan,Alabama,23.0,0.43,26739,7,119157,1
36,Pike,Alabama,9.0,0.51,6441,6,33287,1
37,Russell,Alabama,8.0,0.48,10680,0,58480,1
38,St. Clair,Alabama,6.0,0.47,18943,4,86937,1
39,Shelby,Alabama,32.0,0.4,41610,27,208721,1
40,Talladega,Alabama,14.0,0.46,18842,8,80888,1
41,Tallapoosa,Alabama,6.0,0.5,11006,73,40756,1
42,Tuscaloosa,Alabama,52.0,0.43,36426,56,204424,1
43,Walker,Alabama,12.0,0.48,16386,43,64927,1
44,Winston,Alabama,4.0,0.53,6575,7,23968,1
45,Cochise,Arizona,12.0,0.49,35231,27,126516,1
46,Coconino,Arizona,41.0,0.51,23195,105,138639,1
47,Gila,Arizona,8.0,0.54,18752,16,53145,1
48,La Paz,Arizona,3.0,0.58,9183,7,20477,1
49,Maricopa,Arizona,715.0,0.33,808534,1311,4155501,2
50,Mohave,Arizona,80.0,0.49,73559,102,204691,1
51,Navajo,Arizona,12.0,0.54,24267,147,107902,1
52,Pima,Arizona,287.0,0.41,245814,360,1007257,0
53,Pinal,Arizona,24.0,0.44,100086,93,405537,0
54,Yavapai,Arizona,39.0,0.48,85127,23,220972,1
55,Yuma,Arizona,42.0,0.47,45739,172,204281,1
56,Ashley,Arkansas,6.0,0.54,5094,3,20771,1
57,Baxter,Arkansas,17.0,0.51,15979,0,41093,1
58,Benton,Arkansas,30.0,0.4,44616,23,251823,1
59,Boone,Arkansas,24.0,0.51,9809,1,37212,1
60,Columbia,Arkansas,6.0,0.53,5481,5,23992,1
61,Craighead,Arkansas,66.0,0.45,19242,7,104246,1
62,Crawford,Arkansas,8.0,0.47,13589,3,62119,1
63,Drew,Arkansas,5.0,0.54,3890,2,18620,1
64,Faulkner,Arkansas,25.0,0.45,19658,4,121282,1
65,Garland,Arkansas,41.0,0.44,28731,5,97994,1
66,Greene,Arkansas,8.0,0.49,9006,0,44197,1
67,Hempstead,Arkansas,8.0,0.53,5273,1,22154,1
68,Hot Spring,Arkansas,6.0,0.51,8417,2,33480,1
69,Independence,Arkansas,12.0,0.52,8706,0,37097,1
70,Jefferson,Arkansas,34.0,0.47,15529,29,71373,1
71,Johnson,Arkansas,8.0,0.53,5619,0,26155,1
72,Mississippi,Arkansas,5.0,0.5,8720,4,43534,1
73,Ouachita,Arkansas,8.0,0.53,6183,0,24378,1
74,Phillips,Arkansas,6.0,0.54,4632,6,19518,1
75,Polk,Arkansas,6.0,0.54,5939,0,20212,1
76,Pope,Arkansas,11.0,0.5,12757,4,63372,1
77,Pulaski,Arkansas,144.0,0.35,79133,67,392848,1
78,Randolph,Arkansas,2.0,0.54,4836,2,17514,1
79,St. Francis,Arkansas,6.0,0.52,5393,3,26688,1
80,Saline,Arkansas,16.0,0.44,26545,3,116252,1
81,Sebastian,Arkansas,69.0,0.42,26807,8,127362,1
82,Union,Arkansas,16.0,0.52,9680,14,40022,1
83,Washington,Arkansas,61.0,0.42,34691,37,223683,1
84,White,Arkansas,13.0,0.48,16257,2,78706,1
85,Alameda,California,323.0,0.26,300276,154,1629615,2
86,Amador,California,6.0,0.5,12967,0,37306,1
87,Butte,California,43.0,0.43,53616,4,225207,1
88,Contra Costa,California,163.0,0.27,231404,93,1123678,0
89,Del Norte,California,6.0,0.53,6262,0,27442,1
90,El Dorado,California,28.0,0.44,49939,0,185015,1
91,Fresno,California,141.0,0.4,157757,91,971616,0
92,Humboldt,California,20.0,0.51,31200,4,135490,1
93,Imperial,California,28.0,0.47,30768,147,179957,1
94,Inyo,California,4.0,0.62,5588,1,18195,1
95,Kern,California,137.0,0.42,130831,105,878744,0
96,Kings,California,22.0,0.45,20569,41,150183,1
97,Lake,California,8.0,0.5,19092,1,64095,1
99,Madera,California,52.0,0.46,28392,11,154440,1
100,Marin,California,30.0,0.38,72684,40,260814,1
101,Mendocino,California,14.0,0.52,24313,0,87497,1
102,Merced,California,24.0,0.44,40383,15,267390,1
103,Mono,California,2.0,0.59,2723,1,14058,1
104,Monterey,California,47.0,0.43,76257,18,433168,0
105,Napa,California,48.0,0.44,33686,5,141005,1
106,Nevada,California,10.0,0.46,33612,1,98838,1
107,Orange,California,629.0,0.16,598030,466,3155816,2
108,Placer,California,70.0,0.4,92327,11,374985,1
109,Riverside,California,365.0,0.36,437180,585,2355002,2
110,Sacramento,California,262.0,0.28,279005,94,1495400,2
111,San Benito,California,8.0,0.5,10074,2,58671,1
112,San Bernardino,California,350.0,0.4,330448,310,2121220,2
113,San Diego,California,540.0,0.31,604412,465,3283665,2
114,San Francisco,California,293.0,0.08,179193,51,864263,0
115,San Joaquin,California,110.0,0.37,123774,81,724153,0
116,San Luis Obispo,California,54.0,0.44,70097,6,280119,1
117,San Mateo,California,110.0,0.3,161619,114,763450,0
118,Santa Barbara,California,62.0,0.42,86816,32,442996,0
119,Santa Clara,California,283.0,0.3,338720,177,1911226,2
120,Santa Cruz,California,22.0,0.37,57232,3,273263,1
121,Shasta,California,81.0,0.47,47900,6,178919,1
122,Siskiyou,California,8.0,0.56,14018,0,43530,1
123,Solano,California,92.0,0.37,90069,31,434981,0
124,Sonoma,California,82.0,0.39,124291,19,500943,0
125,Stanislaus,California,74.0,0.39,92698,61,535684,0
126,Tehama,California,8.0,0.52,15876,1,63247,1
127,Tulare,California,65.0,0.43,69266,161,458809,0
128,Tuolumne,California,6.0,0.52,17942,0,53899,1
129,Ventura,California,153.0,0.37,167777,56,847834,0
130,Yolo,California,14.0,0.44,34981,30,212605,1
131,Yuba,California,24.0,0.47,12327,3,74644,1
132,Adams,Colorado,181.0,0.38,69778,159,487850,0
133,Alamosa,Colorado,6.0,0.56,2952,7,16345,1
134,Arapahoe,Colorado,127.0,0.35,111767,351,626612,0
135,Boulder,Colorado,72.0,0.39,59425,74,316782,1
136,Chaffee,Colorado,2.0,0.56,6312,19,18818,1
137,Delta,Colorado,6.0,0.53,9773,1,30217,1
138,Denver,Colorado,208.0,0.18,109403,398,678467,0
139,Douglas,Colorado,54.0,0.39,50139,54,320940,1
140,Eagle,Colorado,5.0,0.52,8107,9,53726,1
141,El Paso,Colorado,91.0,0.39,116223,119,674826,0
142,Fremont,Colorado,4.0,0.52,12609,0,46601,1
143,Garfield,Colorado,5.0,0.53,10202,4,57945,1
144,Jefferson,Colorado,46.0,0.35,124374,217,564029,0
145,La Plata,Colorado,11.0,0.52,12490,1,54469,1
146,Larimer,Colorado,43.0,0.43,67199,30,330976,1
147,Logan,Colorado,4.0,0.55,5056,5,21885,1
148,Mesa,Colorado,30.0,0.47,35763,0,148798,1
149,Montezuma,Colorado,4.0,0.55,7299,3,25770,1
150,Montrose,Colorado,8.0,0.53,12041,12,40908,1
151,Morgan,Colorado,6.0,0.54,6047,46,28123,1
152,Pitkin,Colorado,4.0,0.57,4417,2,17747,1
153,Pueblo,Colorado,17.0,0.46,39318,32,163368,1
154,Routt,Colorado,4.0,0.57,4914,6,24359,1
155,Summit,Colorado,8.0,0.52,5667,4,29722,1
156,Weld,Colorado,16.0,0.45,48279,139,285729,1
157,Fairfield,Connecticut,157.0,0.2,197334,1391,947328,0
158,Hartford,Connecticut,216.0,0.22,201242,1402,897417,0
159,Litchfield,Connecticut,21.0,0.42,50170,138,184454,1
160,Middlesex,Connecticut,24.0,0.36,41372,189,164110,1
161,New Haven,Connecticut,110.0,0.19,194911,1088,862127,0
162,New London,Connecticut,22.0,0.36,63495,102,270772,1
163,Tolland,Connecticut,16.0,0.38,31539,65,151596,1
164,Windham,Connecticut,6.0,0.43,25482,14,116674,1
165,Kent,Delaware,29.0,0.41,36849,94,173145,1
166,New Castle,Delaware,93.0,0.26,112051,249,555036,0
167,Sussex,Delaware,18.0,0.41,71832,178,215551,1
168,Alachua,Florida,66.0,0.4,47766,12,259865,1
169,Bay,Florida,77.0,0.41,40210,8,180117,1
170,Brevard,Florida,157.0,0.34,170919,44,568183,0
171,Broward,Florida,525.0,0.28,406732,464,1890416,2
172,Charlotte,Florida,51.0,0.4,81236,80,173236,1
173,Citrus,Florida,40.0,0.4,61636,17,141373,1
174,Clay,Florida,42.0,0.39,41495,42,203291,1
175,Collier,Florida,58.0,0.41,132129,100,356774,1
176,Columbia,Florida,27.0,0.48,17039,4,68484,1
177,DeSoto,Florida,8.0,0.5,9739,13,35675,1
178,Duval,Florida,351.0,0.25,171837,89,912043,0
179,Escambia,Florida,85.0,0.35,68143,56,309924,1
180,Flagler,Florida,18.0,0.43,38651,7,105015,1
181,Hendry,Florida,3.0,0.52,6808,30,39064,1
182,Hernando,Florida,44.0,0.39,61882,13,179144,1
183,Highlands,Florida,38.0,0.45,41387,13,100177,1
184,Hillsborough,Florida,411.0,0.24,257269,232,1351087,0
185,Indian River,Florida,40.0,0.4,57277,22,147981,1
186,Jackson,Florida,7.0,0.5,12035,6,48571,1
187,Lake,Florida,62.0,0.39,107419,34,326215,1
188,Lee,Florida,141.0,0.28,239488,206,700165,0
189,Leon,Florida,50.0,0.37,49057,10,285890,1
190,Manatee,Florida,98.0,0.37,120595,143,363542,1
191,Marion,Florida,110.0,0.4,119425,18,343778,1
192,Martin,Florida,57.0,0.41,57914,46,155719,1
193,Miami-Dade,Florida,540.0,0.3,563748,1246,2702602,2
194,Monroe,Florida,14.0,0.48,22310,6,76745,1
195,Okaloosa,Florida,51.0,0.42,41694,12,197591,1
196,Okeechobee,Florida,8.0,0.5,10230,2,40228,1
197,Orange,Florida,334.0,0.25,206342,101,1290216,0
198,Osceola,Florida,66.0,0.42,57062,37,325168,1
199,Palm Beach,Florida,389.0,0.32,414928,638,1426772,2
200,Pasco,Florida,130.0,0.32,142985,40,498136,0
201,Pinellas,Florida,276.0,0.13,293786,295,949842,0
202,Polk,Florida,127.0,0.36,169578,159,652256,0
203,Putnam,Florida,10.0,0.47,21116,7,72435,1
204,St. Johns,Florida,47.0,0.4,57092,14,226578,1
205,St. Lucie,Florida,54.0,0.35,87591,72,298763,1
206,Santa Rosa,Florida,16.0,0.43,34353,12,166778,1
207,Sarasota,Florida,118.0,0.32,174026,100,404839,0
208,Seminole,Florida,38.0,0.26,92794,31,449260,0
209,Taylor,Florida,6.0,0.54,5833,1,22350,1
210,Volusia,Florida,105.0,0.36,160876,79,518660,0
211,Walton,Florida,28.0,0.49,16604,10,63457,1
212,Appling,Georgia,3.0,0.53,4208,15,18471,1
213,Bacon,Georgia,4.0,0.54,2329,5,11279,1
214,Baldwin,Georgia,12.0,0.45,9287,35,45527,1
215,Barrow,Georgia,6.0,0.36,12454,29,75099,1
216,Bartow,Georgia,21.0,0.43,18389,46,102623,1
217,Ben Hill,Georgia,5.0,0.52,3982,1,17272,1
218,Bibb,Georgia,115.0,0.33,31993,43,153923,1
219,Bulloch,Georgia,24.0,0.48,11463,6,73742,1
220,Camden,Georgia,5.0,0.48,8503,2,52252,1
221,Candler,Georgia,6.0,0.54,2476,0,10894,1
222,Carroll,Georgia,18.0,0.42,20423,40,114898,1
223,Chatham,Georgia,62.0,0.32,56014,39,285506,1
224,Clarke,Georgia,92.0,0.28,17345,15,123554,1
225,Clayton,Georgia,34.0,0.18,36959,84,274150,1
226,Cobb,Georgia,81.0,0.13,120689,258,739072,0
227,Coffee,Georgia,10.0,0.5,7860,17,43048,1
228,Colquitt,Georgia,10.0,0.49,8918,20,45890,1
229,Coweta,Georgia,23.0,0.39,25269,16,138015,1
230,Crisp,Georgia,16.0,0.5,5331,13,23005,1
231,Decatur,Georgia,10.0,0.51,5831,8,27023,1
232,DeKalb,Georgia,278.0,0.13,121505,186,736066,0
233,Dodge,Georgia,6.0,0.52,4726,2,21063,1
234,Dougherty,Georgia,50.0,0.41,18997,156,91522,1
235,Douglas,Georgia,8.0,0.32,22028,40,140152,1
236,Elbert,Georgia,4.0,0.52,5092,0,19288,1
237,Emanuel,Georgia,8.0,0.53,4782,3,22502,1
238,Fannin,Georgia,5.0,0.52,8800,2,24480,1
239,Fayette,Georgia,66.0,0.32,25277,20,110306,1
240,Floyd,Georgia,42.0,0.44,20941,15,96471,1
241,Forsyth,Georgia,24.0,0.25,33215,16,211300,1
242,Franklin,Georgia,8.0,0.51,5691,2,22328,1
243,Fulton,Georgia,519.0,0.17,159840,333,1010420,0
244,Gordon,Georgia,8.0,0.46,10941,18,56424,1
245,Grady,Georgia,4.0,0.51,5593,4,25048,1
246,Gwinnett,Georgia,70.0,0.13,122430,191,889954,0
247,Habersham,Georgia,4.0,0.47,10665,41,43878,1
248,Hall,Georgia,85.0,0.34,36793,65,192865,1
249,Houston,Georgia,36.0,0.38,25522,33,150341,1
250,Jeff Davis,Georgia,4.0,0.54,3219,3,14999,1
251,Laurens,Georgia,16.0,0.5,10610,1,47451,1
252,Lowndes,Georgia,48.0,0.42,17921,18,113941,1
253,Muscogee,Georgia,61.0,0.31,34483,64,198647,1
254,Newton,Georgia,10.0,0.38,18455,18,105042,1
255,Paulding,Georgia,8.0,0.34,21365,16,152399,1
256,Pickens,Georgia,6.0,0.48,8464,5,30343,1
257,Pulaski,Georgia,6.0,0.53,2806,2,11396,1
258,Richmond,Georgia,209.0,0.34,38152,62,201568,1
259,Rockdale,Georgia,16.0,0.32,17124,11,88482,1
260,Spalding,Georgia,22.0,0.42,14777,33,64192,1
261,Stephens,Georgia,6.0,0.49,6327,6,25625,1
262,Thomas,Georgia,35.0,0.49,10319,33,44909,1
263,Tift,Georgia,20.0,0.47,8091,29,40531,1
264,Toombs,Georgia,8.0,0.51,5815,5,27160,1
265,Troup,Georgia,20.0,0.46,13380,39,69433,1
266,Union,Georgia,5.0,0.52,8856,4,22262,1
267,Upson,Georgia,28.0,0.5,6294,45,26241,1
268,Walton,Georgia,7.0,0.41,17821,31,88695,1
269,Ware,Georgia,10.0,0.51,7974,17,35688,1
270,Wayne,Georgia,12.0,0.51,6149,0,29833,1
271,Whitfield,Georgia,26.0,0.39,18625,18,103963,1
272,Hawaii,Hawaii,24.0,0.51,52582,0,196325,1
273,Honolulu,Hawaii,136.0,0.28,218287,15,990060,0
274,Kauai,Hawaii,9.0,0.48,18043,0,71093,1
275,Ada,Idaho,88.0,0.38,80856,30,435117,0
276,Bannock,Idaho,20.0,0.47,15750,1,84113,1
277,Bingham,Idaho,5.0,0.52,8667,1,45369,1
278,Bonner,Idaho,4.0,0.52,13317,0,41855,1
279,Bonneville,Idaho,35.0,0.47,20000,1,110404,1
280,Canyon,Idaho,41.0,0.41,36810,16,207027,1
281,Cassia,Idaho,6.0,0.56,4324,1,23472,1
282,Kootenai,Idaho,55.0,0.45,36910,1,150128,1
283,Madison,Idaho,4.0,0.5,3374,0,38241,1
284,Nez Perce,Idaho,9.0,0.5,10185,19,40014,1
285,Twin Falls,Idaho,30.0,0.52,16621,26,82248,1
286,Adams,Illinois,25.0,0.49,16968,1,66787,1
287,Bureau,Illinois,9.0,0.52,9368,2,33619,1
288,Champaign,Illinois,13.0,0.43,35016,17,207946,1
290,DeKalb,Illinois,16.0,0.45,16887,22,104473,1
291,DuPage,Illinois,219.0,0.13,189208,494,931826,0
292,Effingham,Illinois,10.0,0.51,8041,2,34164,1
293,Fayette,Illinois,4.0,0.53,5172,3,21980,1
294,Ford,Illinois,2.0,0.54,3522,1,13470,1
295,Fulton,Illinois,5.0,0.51,9382,0,35733,1
296,Grundy,Illinois,8.0,0.47,9077,5,50333,1
297,Henry,Illinois,3.0,0.5,12932,1,49649,1
298,Jackson,Illinois,21.0,0.47,11301,19,59115,1
299,Jefferson,Illinois,22.0,0.5,9508,17,38358,1
300,Jersey,Illinois,4.0,0.51,5642,1,22215,1
301,Kane,Illinois,87.0,0.29,93411,288,529402,0
302,Kankakee,Illinois,18.0,0.44,23667,66,110801,1
303,Knox,Illinois,18.0,0.49,13829,0,51374,1
304,Lake,Illinois,108.0,0.19,131932,432,704476,0
305,LaSalle,Illinois,13.0,0.46,27315,17,111151,1
306,Lee,Illinois,6.0,0.51,8585,2,34670,1
307,Livingston,Illinois,5.0,0.51,9046,2,36812,1
308,McDonough,Illinois,7.0,0.51,7097,15,31597,1
309,McHenry,Illinois,33.0,0.36,58774,105,308043,1
310,McLean,Illinois,30.0,0.44,29727,15,173231,1
311,Macon,Illinois,35.0,0.43,27263,22,107587,1
312,Madison,Illinois,58.0,0.37,60531,71,266153,1
313,Marion,Illinois,9.0,0.5,9723,0,38305,1
314,Morgan,Illinois,9.0,0.5,8786,4,34442,1
315,Ogle,Illinois,4.0,0.49,12307,5,51619,1
316,Peoria,Illinois,95.0,0.4,40675,30,186145,1
317,Richland,Illinois,8.0,0.53,4167,0,15953,1
318,Rock Island,Illinois,27.0,0.4,35994,30,146205,1
319,St. Clair,Illinois,42.0,0.36,54566,147,264433,1
320,Sangamon,Illinois,83.0,0.41,45191,34,198134,1
321,Stephenson,Illinois,8.0,0.49,13432,6,45839,1
322,Tazewell,Illinois,8.0,0.43,31973,8,134695,1
323,Vermilion,Illinois,12.0,0.47,19371,2,79207,1
324,Wabash,Illinois,4.0,0.53,3004,0,11568,1
325,Wayne,Illinois,4.0,0.55,4419,1,16569,1
326,Whiteside,Illinois,9.0,0.49,14999,16,56823,1
327,Will,Illinois,73.0,0.29,116816,330,687727,0
328,Williamson,Illinois,26.0,0.45,16353,4,67477,1
329,Winnebago,Illinois,90.0,0.35,65218,108,287512,1
330,Adams,Indiana,4.0,0.49,7140,2,35018,1
331,Allen,Indiana,134.0,0.35,70976,148,367747,1
332,Bartholomew,Indiana,17.0,0.45,16862,48,81024,1
333,Boone,Indiana,8.0,0.46,11259,47,63013,1
334,Cass,Indiana,5.0,0.49,8878,10,38248,1
335,Clark,Indiana,22.0,0.41,23978,51,114893,1
336,Daviess,Indiana,5.0,0.51,6611,19,32777,1
337,Dearborn,Indiana,8.0,0.46,11201,26,49564,1
338,DeKalb,Indiana,8.0,0.48,9197,5,42524,1
339,Delaware,Indiana,36.0,0.42,25540,53,115938,1
340,Dubois,Indiana,26.0,0.49,9945,7,42379,1
341,Elkhart,Indiana,35.0,0.37,38669,66,202924,1
342,Floyd,Indiana,16.0,0.38,16661,46,76481,1
343,Fulton,Indiana,4.0,0.52,5248,1,20296,1
344,Gibson,Indiana,5.0,0.5,7576,2,33596,1
345,Grant,Indiana,19.0,0.46,16678,30,67615,1
346,Greene,Indiana,5.0,0.51,8315,36,32431,1
347,Hamilton,Indiana,25.0,0.32,49209,107,309687,1
348,Hancock,Indiana,24.0,0.43,15514,37,72776,1
349,Harrison,Indiana,4.0,0.49,9441,24,39450,1
350,Hendricks,Indiana,28.0,0.39,28822,118,158170,1
351,Henry,Indiana,10.0,0.47,12162,18,48649,1
352,Howard,Indiana,21.0,0.42,20461,61,82457,1
353,Jackson,Indiana,7.0,0.49,9380,4,43779,1
354,Jasper,Indiana,4.0,0.51,7509,2,33448,1
355,Jefferson,Indiana,6.0,0.5,7164,2,32293,1
356,Johnson,Indiana,6.0,0.39,29234,126,149359,1
357,Knox,Indiana,30.0,0.5,8735,0,37763,1
358,Kosciusko,Indiana,14.0,0.46,16785,6,78720,1
359,Lake,Indiana,181.0,0.27,104898,268,488694,0
360,LaPorte,Indiana,34.0,0.44,25713,28,110839,1
361,Lawrence,Indiana,6.0,0.48,11750,26,45669,1
362,Madison,Indiana,38.0,0.41,30680,74,129641,1
363,Marion,Indiana,318.0,0.14,160942,747,939964,0
364,Marshall,Indiana,7.0,0.48,10866,12,46752,1
365,Miami,Indiana,4.0,0.49,7957,2,36035,1
366,Monroe,Indiana,24.0,0.41,23773,30,144436,1
367,Montgomery,Indiana,5.0,0.49,8814,21,38288,1
368,Perry,Indiana,4.0,0.52,4691,12,19229,1
369,Porter,Indiana,32.0,0.38,36197,40,167391,1
370,Putnam,Indiana,6.0,0.5,8058,8,37543,1
371,St. Joseph,Indiana,74.0,0.35,57385,76,268613,1
372,Scott,Indiana,4.0,0.49,5247,10,23722,1
373,Starke,Indiana,1.0,0.51,5553,5,22966,1
374,Steuben,Indiana,2.0,0.49,8776,3,34459,1
375,Sullivan,Indiana,4.0,0.52,4547,1,20900,1
376,Tippecanoe,Indiana,30.0,0.4,28594,11,186081,1
377,Vanderburgh,Indiana,127.0,0.33,40560,6,181831,1
378,Vermillion,Indiana,6.0,0.52,4085,0,15644,1
379,Vigo,Indiana,54.0,0.42,22306,9,107723,1
380,Warrick,Indiana,24.0,0.46,13734,31,61581,1
381,Wayne,Indiana,30.0,0.46,16958,6,66972,1
382,Wells,Indiana,7.0,0.5,6613,1,27832,1
383,Appanoose,Iowa,3.0,0.56,3759,3,12547,1
384,Black Hawk,Iowa,29.0,0.42,28271,60,132960,1
385,Calhoun,Iowa,2.0,0.57,3002,2,9814,1
386,Carroll,Iowa,6.0,0.53,5287,1,20428,1
387,Cass,Iowa,4.0,0.54,3898,0,13327,1
388,Cerro Gordo,Iowa,18.0,0.5,12003,11,43134,1
389,Clinton,Iowa,10.0,0.49,12082,1,47587,1
390,Des Moines,Iowa,12.0,0.49,10621,2,39876,1
391,Dubuque,Iowa,18.0,0.45,22155,23,96571,1
392,Johnson,Iowa,18.0,0.43,21650,9,144425,1
393,Lee,Iowa,3.0,0.51,9123,2,34785,1
394,Linn,Iowa,36.0,0.4,45693,85,220008,1
395,Marion,Iowa,3.0,0.51,7804,0,33127,1
396,Montgomery,Iowa,8.0,0.55,2863,2,10239,1
397,Muscatine,Iowa,5.0,0.49,9608,45,42923,1
398,Page,Iowa,2.0,0.54,4507,0,15393,1
399,Polk,Iowa,84.0,0.32,81860,188,467235,0
400,Pottawattamie,Iowa,29.0,0.46,21265,13,93287,1
401,Poweshiek,Iowa,5.0,0.53,4687,8,18428,1
402,Scott,Iowa,39.0,0.4,36851,10,171493,1
403,Story,Iowa,14.0,0.45,14980,8,95888,1
404,Union,Iowa,4.0,0.55,3366,1,12497,1
405,Wapello,Iowa,11.0,0.5,8335,31,35321,1
406,Webster,Iowa,8.0,0.51,8966,5,36945,1
407,Woodbury,Iowa,34.0,0.46,20666,46,102397,1
408,Atchison,Kansas,4.0,0.53,3518,0,16466,1
409,Barton,Kansas,4.0,0.54,6712,2,27067,1
410,Butler,Kansas,16.0,0.5,13403,0,66260,1
411,Cowley,Kansas,4.0,0.52,8333,1,35732,1
412,Crawford,Kansas,12.0,0.5,7956,1,39099,1
413,Douglas,Kansas,10.0,0.43,18450,0,117806,1
414,Ellis,Kansas,34.0,0.55,5912,0,28877,1
415,Finney,Kansas,8.0,0.55,5555,10,37097,1
416,Ford,Kansas,10.0,0.54,5103,10,34658,1
417,Franklin,Kansas,5.0,0.52,5593,1,25599,1
418,Geary,Kansas,6.0,0.49,3964,1,35796,1
419,Harvey,Kansas,6.0,0.5,8619,3,34683,1
420,Johnson,Kansas,97.0,0.28,110038,95,578797,0
421,Labette,Kansas,5.0,0.53,5125,0,20553,1
422,Leavenworth,Kansas,10.0,0.46,15061,7,79359,1
423,Lyon,Kansas,6.0,0.52,6409,7,33302,1
424,McPherson,Kansas,7.0,0.53,7540,0,28792,1
425,Mitchell,Kansas,4.0,0.59,1776,0,6230,1
426,Montgomery,Kansas,7.0,0.51,8712,3,33463,1
427,Neosho,Kansas,5.0,0.54,4042,0,16209,1
428,Pratt,Kansas,6.0,0.57,2512,0,9670,1
429,Reno,Kansas,18.0,0.5,15902,0,63360,1
430,Riley,Kansas,8.0,0.47,8478,3,75696,1
431,Saline,Kansas,18.0,0.49,12413,3,55334,1
432,Sedgwick,Kansas,147.0,0.35,97508,32,510484,0
433,Seward,Kansas,8.0,0.55,3309,2,22948,1
434,Shawnee,Kansas,36.0,0.4,41511,13,178392,1
435,Thomas,Kansas,1.0,0.61,1833,0,7847,1
436,Wyandotte,Kansas,129.0,0.29,27635,88,163227,1
437,Barren,Kentucky,10.0,0.49,9933,2,43418,1
438,Bell,Kentucky,7.0,0.51,6714,0,27469,1
439,Boone,Kentucky,18.0,0.37,22880,23,127682,1
440,Bourbon,Kentucky,4.0,0.51,4949,1,20017,1
441,Boyd,Kentucky,38.0,0.42,12601,3,48486,1
442,Boyle,Kentucky,22.0,0.48,7324,0,29773,1
443,Breathitt,Kentucky,4.0,0.55,2950,0,13276,1
444,Calloway,Kentucky,10.0,0.5,8253,1,38616,1
445,Campbell,Kentucky,21.0,0.38,19251,13,91804,1
446,Christian,Kentucky,18.0,0.47,11300,4,72438,1
447,Clark,Kentucky,8.0,0.47,8552,6,35757,1
448,Clay,Kentucky,6.0,0.53,4137,4,20866,1
449,Daviess,Kentucky,32.0,0.44,22152,8,99258,1
450,Fayette,Kentucky,248.0,0.33,55235,40,315109,1
451,Fleming,Kentucky,3.0,0.54,3347,0,14515,1
452,Floyd,Kentucky,16.0,0.5,8825,1,37447,1
453,Franklin,Kentucky,10.0,0.45,11999,4,49969,1
454,Graves,Kentucky,8.0,0.51,8947,21,37259,1
455,Grayson,Kentucky,6.0,0.51,6066,11,26129,1
456,Hardin,Kentucky,10.0,0.44,19472,7,107699,1
457,Harlan,Kentucky,7.0,0.51,6579,2,27548,1
458,Harrison,Kentucky,6.0,0.52,4370,0,18630,1
459,Henderson,Kentucky,12.0,0.48,10871,4,46252,1
460,Hopkins,Kentucky,19.0,0.49,11048,35,45985,1
461,Jefferson,Kentucky,355.0,0.19,161771,229,764378,0
462,Johnson,Kentucky,6.0,0.51,5441,0,23064,1
463,Kenton,Kentucky,46.0,0.31,31245,38,163987,1
464,Knox,Kentucky,6.0,0.51,7187,7,31424,1
465,Laurel,Kentucky,14.0,0.47,12999,4,59901,1
466,Lawrence,Kentucky,6.0,0.53,3685,0,15844,1
467,Letcher,Kentucky,6.0,0.53,5498,0,23011,1
468,Logan,Kentucky,6.0,0.51,6256,16,26847,1
469,McCracken,Kentucky,34.0,0.43,16639,3,65285,1
470,Madison,Kentucky,12.0,0.45,16155,1,88376,1
471,Marion,Kentucky,6.0,0.52,4112,0,19335,1
472,Marshall,Kentucky,4.0,0.51,8929,2,31177,1
473,Mason,Kentucky,5.0,0.52,4041,1,17167,1
474,Mercer,Kentucky,4.0,0.51,5365,0,21378,1
475,Montgomery,Kentucky,4.0,0.49,5851,0,27550,1
476,Muhlenberg,Kentucky,6.0,0.5,7703,9,31153,1
477,Nelson,Kentucky,4.0,0.48,9073,2,45131,1
478,Ohio,Kentucky,4.0,0.52,5824,1,24062,1
479,Oldham,Kentucky,8.0,0.39,11255,7,64633,1
480,Perry,Kentucky,32.0,0.52,6143,2,27329,1
481,Pike,Kentucky,76.0,0.5,14290,3,61586,1
482,Pulaski,Kentucky,38.0,0.48,15846,2,63974,1
483,Rowan,Kentucky,14.0,0.51,4411,0,24392,1
484,Russell,Kentucky,2.0,0.53,4680,5,17731,1
485,Scott,Kentucky,6.0,0.47,8436,0,52322,1
486,Shelby,Kentucky,4.0,0.48,9425,20,45831,1
487,Taylor,Kentucky,8.0,0.5,5890,1,25406,1
488,Warren,Kentucky,32.0,0.43,21484,18,123824,1
489,Androscoggin,Maine,34.0,0.43,24289,4,107317,1
490,Aroostook,Maine,12.0,0.54,20453,1,68840,1
491,Cumberland,Maine,50.0,0.39,68027,67,289173,1
492,Franklin,Maine,5.0,0.54,8571,1,30177,1
493,Hancock,Maine,6.0,0.52,16940,1,54468,1
494,Kennebec,Maine,16.0,0.46,31337,10,121289,1
495,Knox,Maine,8.0,0.49,12268,1,39700,1
496,Lincoln,Maine,4.0,0.51,11973,0,34021,1
497,Oxford,Maine,4.0,0.52,16027,0,57230,1
498,Penobscot,Maine,51.0,0.47,36356,4,152284,1
499,Somerset,Maine,4.0,0.54,13707,0,50994,1
500,Waldo,Maine,4.0,0.51,11094,14,39280,1
501,York,Maine,14.0,0.43,52544,11,201454,1
502,Allegany,Maryland,14.0,0.45,18311,18,72591,1
503,Anne Arundel,Maryland,50.0,0.24,111090,211,564600,0
504,Calvert,Maryland,4.0,0.39,18153,27,90824,1
505,Carroll,Maryland,12.0,0.4,36730,116,167319,1
506,Cecil,Maryland,5.0,0.41,21069,29,102416,1
507,Charles,Maryland,10.0,0.41,26064,90,156021,1
508,Frederick,Maryland,18.0,0.4,46881,120,246105,1
509,Garrett,Maryland,2.0,0.52,8442,0,29516,1
510,Harford,Maryland,19.0,0.36,53295,66,250132,1
511,Howard,Maryland,16.0,0.28,57302,97,312495,1
512,Kent,Maryland,6.0,0.51,6220,23,19666,1
513,Montgomery,Maryland,143.0,0.23,209461,763,1039198,0
514,Prince George's,Maryland,78.0,0.22,159437,719,905161,0
515,St. Mary's,Maryland,12.0,0.41,18983,51,110979,1
516,Talbot,Maryland,16.0,0.48,12868,4,37461,1
517,Washington,Maryland,17.0,0.41,33148,29,149546,1
518,Wicomico,Maryland,24.0,0.42,21277,42,102014,1
519,Worcester,Maryland,6.0,0.47,17655,18,51559,1
520,Barnstable,Massachusetts,21.0,0.27,80676,152,213900,1
521,Berkshire,Massachusetts,24.0,0.44,37339,45,127751,1
522,Bristol,Massachusetts,96.0,0.26,124173,603,557016,0
523,Essex,Massachusetts,98.0,0.21,173485,1136,775860,0
524,Franklin,Massachusetts,6.0,0.47,19773,58,70926,1
525,Hampden,Massachusetts,83.0,0.32,103567,680,469188,0
526,Hampshire,Massachusetts,11.0,0.4,34945,119,161197,1
527,Middlesex,Massachusetts,206.0,0.18,319971,1934,1582857,2
528,Norfolk,Massachusetts,59.0,0.16,155147,962,694389,0
529,Plymouth,Massachusetts,47.0,0.27,119899,688,509114,0
530,Suffolk,Massachusetts,453.0,0.09,125537,1027,780685,0
531,Worcester,Massachusetts,119.0,0.33,170081,968,818249,0
532,Alpena,Michigan,9.0,0.53,8520,13,28730,1
533,Arenac,Michigan,5.0,0.53,4939,2,15238,1
534,Bay,Michigan,32.0,0.43,27300,31,105350,1
535,Berrien,Michigan,20.0,0.4,39067,61,154948,1
536,Branch,Michigan,10.0,0.49,10379,25,43543,1
537,Calhoun,Michigan,32.0,0.43,31227,39,134327,1
538,Chippewa,Michigan,6.0,0.56,8659,0,38023,1
539,Clinton,Michigan,2.0,0.46,16938,12,77321,1
540,Crawford,Michigan,6.0,0.55,4436,5,13821,1
541,Delta,Michigan,9.0,0.53,10991,3,36395,1
542,Dickinson,Michigan,6.0,0.54,7463,2,25694,1
543,Emmet,Michigan,18.0,0.53,9255,2,32978,1
544,Genesee,Michigan,109.0,0.31,93094,292,410881,0
545,Gogebic,Michigan,5.0,0.57,5016,1,15577,1
546,Grand Traverse,Michigan,20.0,0.46,23009,5,91222,1
547,Hillsdale,Michigan,4.0,0.49,11598,25,45909,1
548,Houghton,Michigan,5.0,0.54,8122,0,36333,1
549,Huron,Michigan,4.0,0.52,10169,3,31750,1
550,Ingham,Michigan,115.0,0.37,51447,29,286185,1
551,Ionia,Michigan,2.0,0.48,12876,5,64147,1
552,Iosco,Michigan,4.0,0.52,9417,11,25317,1
553,Iron,Michigan,3.0,0.59,4274,1,11291,1
554,Isabella,Michigan,8.0,0.47,11665,8,70572,1
555,Jackson,Michigan,34.0,0.42,36118,54,158989,1
556,Kalamazoo,Michigan,70.0,0.37,51450,72,259830,1
557,Kent,Michigan,142.0,0.32,115828,145,636376,0
558,Lapeer,Michigan,10.0,0.47,20857,39,88205,1
559,Livingston,Michigan,8.0,0.39,41663,29,186946,1
560,Macomb,Michigan,122.0,0.23,192977,937,864019,0
561,Marquette,Michigan,26.0,0.53,16470,11,67145,1
562,Mason,Michigan,6.0,0.52,8675,0,28800,1
563,Mecosta,Michigan,4.0,0.5,10289,2,43181,1
564,Midland,Michigan,26.0,0.45,19242,9,83489,1
565,Montcalm,Michigan,12.0,0.49,14301,1,62956,1
566,Muskegon,Michigan,44.0,0.39,37993,54,172707,1
567,Newaygo,Michigan,9.0,0.5,12202,0,47899,1
568,Oakland,Michigan,369.0,0.21,273867,1113,1241860,0
569,Osceola,Michigan,4.0,0.53,6243,0,23221,1
570,Otsego,Michigan,4.0,0.53,6554,10,24247,1
571,Ottawa,Michigan,22.0,0.37,54457,53,280243,1
572,Saginaw,Michigan,46.0,0.41,47390,125,193803,1
573,St. Clair,Michigan,23.0,0.43,38914,53,159761,1
574,St. Joseph,Michigan,4.0,0.47,14461,5,60890,1
575,Shiawassee,Michigan,7.0,0.47,16363,28,68617,1
576,Washtenaw,Michigan,46.0,0.37,65781,119,361509,1
577,Wayne,Michigan,411.0,0.12,362535,2772,1763822,2
578,Wexford,Michigan,20.0,0.52,8300,4,32915,1
579,Aitkin,Minnesota,4.0,0.57,6467,0,15841,1
580,Anoka,Minnesota,35.0,0.31,63313,108,344861,1
581,Becker,Minnesota,8.0,0.53,9157,0,33552,1
582,Beltrami,Minnesota,10.0,0.54,9482,0,45847,1
583,Blue Earth,Minnesota,29.0,0.47,12070,2,65767,1
584,Carlton,Minnesota,2.0,0.52,8198,0,35408,1
585,Carver,Minnesota,18.0,0.43,15454,2,98799,1
586,Chisago,Minnesota,10.0,0.47,10806,1,54297,1
587,Crow Wing,Minnesota,16.0,0.5,17980,12,63505,1
588,Dakota,Minnesota,12.0,0.33,76445,99,414655,0
589,Douglas,Minnesota,8.0,0.51,10617,0,36891,1
590,Faribault,Minnesota,4.0,0.55,4173,0,13966,1
591,Freeborn,Minnesota,18.0,0.52,8707,1,30619,1
592,Goodhue,Minnesota,4.0,0.5,11621,8,46138,1
593,Hennepin,Minnesota,215.0,0.2,229263,794,1224763,0
594,Kanabec,Minnesota,4.0,0.54,4382,1,15948,1
595,Kandiyohi,Minnesota,8.0,0.51,10445,1,42577,1
596,McLeod,Minnesota,6.0,0.5,8587,0,35816,1
597,Olmsted,Minnesota,218.0,0.43,29861,20,151685,1
598,Otter Tail,Minnesota,5.0,0.52,17615,1,57790,1
599,Polk,Minnesota,5.0,0.53,7554,3,31564,1
600,Ramsey,Minnesota,115.0,0.13,102817,246,537893,0
601,St. Louis,Minnesota,78.0,0.47,50288,16,200294,1
602,Stearns,Minnesota,42.0,0.45,30193,19,155300,1
603,Todd,Minnesota,3.0,0.53,6859,2,24423,1
604,Wadena,Minnesota,2.0,0.55,3789,0,13626,1
605,Washington,Minnesota,31.0,0.35,49212,40,250979,1
606,Winona,Minnesota,8.0,0.49,10914,16,50992,1
607,Wright,Minnesota,3.0,0.43,22152,4,131130,1
608,Adams,Mississippi,15.0,0.51,7493,21,31583,1
609,Alcorn,Mississippi,24.0,0.5,8512,2,37242,1
610,Bolivar,Mississippi,8.0,0.53,6690,18,33121,1
611,Clay,Mississippi,6.0,0.53,4730,12,19990,1
612,Coahoma,Mississippi,10.0,0.52,4799,6,24296,1
613,DeSoto,Mississippi,8.0,0.39,29708,20,173267,1
614,Forrest,Mississippi,40.0,0.45,13870,45,75835,1
615,George,Mississippi,6.0,0.52,4774,3,23545,1
616,Hancock,Mississippi,6.0,0.48,11941,14,46277,1
617,Harrison,Mississippi,57.0,0.39,38987,17,200491,1
618,Hinds,Mississippi,149.0,0.4,44090,63,243249,1
619,Jackson,Mississippi,48.0,0.43,28610,20,141314,1
620,Jones,Mississippi,14.0,0.48,14853,52,68328,1
621,Lafayette,Mississippi,24.0,0.5,8639,4,52744,1
622,Lamar,Mississippi,17.0,0.46,10854,7,60517,1
623,Lauderdale,Mississippi,39.0,0.48,17686,83,78221,1
624,Lee,Mississippi,24.0,0.45,16183,23,84840,1
625,Leflore,Mississippi,9.0,0.52,5674,56,30113,1
626,Lincoln,Mississippi,5.0,0.51,7781,36,34542,1
627,Lowndes,Mississippi,18.0,0.48,12035,17,59558,1
628,Madison,Mississippi,7.0,0.45,18766,42,102212,1
629,Marion,Mississippi,6.0,0.51,5805,12,25466,1
630,Monroe,Mississippi,9.0,0.52,9309,40,35967,1
631,Oktibbeha,Mississippi,6.0,0.49,7290,28,49392,1
632,Pearl River,Mississippi,6.0,0.49,13434,32,55049,1
633,Pike,Mississippi,16.0,0.49,8664,24,39763,1
634,Rankin,Mississippi,18.0,0.42,29151,20,149645,1
635,Union,Mississippi,8.0,0.52,6249,11,28202,1
636,Warren,Mississippi,22.0,0.48,10588,22,47510,1
637,Washington,Mississippi,22.0,0.5,9825,16,48002,1
638,Wayne,Mississippi,6.0,0.54,4447,20,20458,1
639,Adair,Missouri,10.0,0.53,4911,0,25437,1
640,Barton,Missouri,4.0,0.55,3000,0,11942,1
641,Boone,Missouri,114.0,0.42,28350,3,174589,1
642,Buchanan,Missouri,21.0,0.43,18624,6,89425,1
643,Butler,Missouri,14.0,0.51,10394,0,42826,1
644,Camden,Missouri,18.0,0.5,15571,2,44855,1
645,Cape Girardeau,Missouri,31.0,0.46,16826,3,78013,1
646,Cass,Missouri,9.0,0.45,22296,9,101888,1
647,Clay,Missouri,34.0,0.36,44493,20,236068,1
648,Clinton,Missouri,5.0,0.52,4743,0,20495,1
649,Cole,Missouri,25.0,0.44,16261,2,76749,1
650,Franklin,Missouri,13.0,0.47,22817,18,102413,1
651,Greene,Missouri,129.0,0.38,60988,9,286759,1
652,Henry,Missouri,8.0,0.53,5958,3,21834,1
653,Howell,Missouri,12.0,0.52,9866,0,40139,1
654,Jackson,Missouri,279.0,0.27,136794,46,688554,0
655,Jefferson,Missouri,28.0,0.39,44346,25,222639,1
656,Laclede,Missouri,4.0,0.51,8182,1,35488,1
657,Lafayette,Missouri,2.0,0.51,8174,2,32655,1
658,Lincoln,Missouri,4.0,0.49,9951,1,54800,1
659,Marion,Missouri,8.0,0.52,6636,0,28703,1
660,Pemiscot,Missouri,7.0,0.54,3691,6,17344,1
661,Pettis,Missouri,9.0,0.5,9293,2,42309,1
662,Phelps,Missouri,18.0,0.5,9354,0,44873,1
663,Polk,Missouri,8.0,0.51,7355,0,31347,1
664,Randolph,Missouri,8.0,0.51,5586,0,24987,1
665,St. Charles,Missouri,39.0,0.34,74900,80,385115,1
666,St. Francois,Missouri,10.0,0.47,14643,2,66248,1
667,Saline,Missouri,7.0,0.53,5380,5,23010,1
668,Scott,Missouri,12.0,0.49,9126,13,38858,1
669,Stoddard,Missouri,4.0,0.52,7527,9,29634,1
670,Taney,Missouri,18.0,0.48,14724,3,54308,1
671,Texas,Missouri,4.0,0.54,6773,0,25714,1
672,Vernon,Missouri,6.0,0.54,5056,0,20665,1
673,Cascade,Montana,20.0,0.49,19330,2,81816,1
674,Custer,Montana,4.0,0.61,3032,0,11895,1
675,Dawson,Montana,3.0,0.62,2324,0,9324,1
676,Flathead,Montana,22.0,0.53,24545,2,96147,1
677,Gallatin,Montana,8.0,0.52,17127,1,100733,1
678,Hill,Montana,6.0,0.59,3176,0,16468,1
679,Lewis and Clark,Montana,8.0,0.52,16327,0,66290,1
680,Missoula,Montana,32.0,0.48,22759,1,114231,1
681,Park,Montana,4.0,0.59,4577,0,16001,1
682,Ravalli,Montana,5.0,0.53,13513,1,41387,1
683,Rosebud,Montana,1.0,0.61,1891,1,9292,1
684,Silver Bow,Montana,11.0,0.53,8536,0,34514,1
685,Yellowstone,Montana,41.0,0.47,34804,14,156332,1
686,Adams,Nebraska,10.0,0.51,7465,11,31564,1
687,Buffalo,Nebraska,34.0,0.51,9288,1,48834,1
688,Cheyenne,Nebraska,4.0,0.59,2396,0,10012,1
689,Douglas,Nebraska,234.0,0.25,95539,113,549706,0
690,Gage,Nebraska,3.0,0.53,5923,4,21632,1
691,Hall,Nebraska,16.0,0.47,11885,47,61233,1
692,Lancaster,Nebraska,52.0,0.4,55100,13,306357,1
693,Lincoln,Nebraska,19.0,0.55,8746,2,35569,1
694,Madison,Nebraska,24.0,0.51,7213,4,35062,1
695,Platte,Nebraska,5.0,0.52,7783,3,32875,1
696,Sarpy,Nebraska,8.0,0.35,26946,8,175188,1
697,Scotts Bluff,Nebraska,22.0,0.52,9022,5,36509,1
698,Clark,Nevada,452.0,0.38,405618,507,2112436,2
699,Elko,Nevada,7.0,0.58,8008,1,52377,1
700,Humboldt,Nevada,3.0,0.62,3163,4,17088,1
701,Washoe,Nevada,290.0,0.44,95558,101,445551,0
702,Carson City,Nevada,24.0,0.42,14410,6,54219,1
703,Belknap,New Hampshire,10.0,0.47,17260,3,60383,1
704,Carroll,New Hampshire,8.0,0.51,16281,0,47524,1
705,Cheshire,New Hampshire,27.0,0.47,19389,2,76109,1
706,Coos,New Hampshire,3.0,0.54,9795,0,32119,1
707,Grafton,New Hampshire,52.0,0.5,23734,1,89280,1
708,Hillsborough,New Hampshire,62.0,0.36,84563,263,406371,0
709,Merrimack,New Hampshire,18.0,0.45,34833,20,147958,1
710,Rockingham,New Hampshire,43.0,0.33,69798,92,302479,1
711,Strafford,New Hampshire,17.0,0.41,25034,13,126552,1
712,Atlantic,New Jersey,54.0,0.37,62613,236,272926,1
713,Bergen,New Jersey,112.0,0.12,211672,2030,937920,0
714,Burlington,New Jersey,82.0,0.34,98530,456,449192,0
715,Camden,New Jersey,166.0,0.2,104370,558,510996,0
716,Cape May,New Jersey,16.0,0.39,31925,80,94549,1
717,Cumberland,New Jersey,12.0,0.4,30141,153,154952,1
718,Essex,New Jersey,215.0,0.11,146732,2089,800401,0
719,Gloucester,New Jersey,14.0,0.28,60833,196,291372,1
720,Hudson,New Jersey,89.0,0.09,109974,1497,679756,0
721,Hunterdon,New Jersey,12.0,0.41,30279,126,125717,1
722,Mercer,New Jersey,80.0,0.24,75299,604,373362,1
723,Middlesex,New Jersey,97.0,0.16,164627,1397,837288,0
724,Monmouth,New Jersey,128.0,0.22,142622,846,627551,0
725,Morris,New Jersey,81.0,0.25,110520,826,498847,0
726,Ocean,New Jersey,94.0,0.29,167321,1001,589699,0
727,Passaic,New Jersey,53.0,0.25,98279,1232,510563,0
728,Salem,New Jersey,19.0,0.45,15640,79,63776,1
729,Somerset,New Jersey,28.0,0.25,67698,552,333316,1
730,Sussex,New Jersey,10.0,0.41,32694,195,143570,1
731,Union,New Jersey,55.0,0.11,106249,1341,557320,0
732,Warren,New Jersey,20.0,0.42,24579,171,107088,1
733,Bernalillo,New Mexico,117.0,0.35,140933,99,674855,0
734,Chaves,New Mexico,24.0,0.55,13924,3,65454,1
735,Cibola,New Mexico,4.0,0.57,5804,15,27049,1
736,Colfax,New Mexico,4.0,0.6,4281,1,12522,1
737,Curry,New Mexico,8.0,0.52,8363,1,50283,1
738,Eddy,New Mexico,12.0,0.55,11808,1,56793,1
739,Grant,New Mexico,6.0,0.57,9026,0,28382,1
740,Lea,New Mexico,8.0,0.54,10775,0,69505,1
741,Lincoln,New Mexico,4.0,0.59,6880,0,19497,1
742,Los Alamos,New Mexico,6.0,0.48,4309,0,18031,1
743,Luna,New Mexico,6.0,0.56,6445,3,24319,1
744,McKinley,New Mexico,5.0,0.53,11923,196,72849,1
745,Otero,New Mexico,10.0,0.55,14360,9,65130,1
746,Rio Arriba,New Mexico,8.0,0.55,9932,1,39455,1
747,San Juan,New Mexico,10.0,0.49,23922,175,128221,1
748,San Miguel,New Mexico,8.0,0.56,7333,0,28203,1
749,Santa Fe,New Mexico,24.0,0.46,42681,3,147514,1
750,Taos,New Mexico,6.0,0.55,10333,1,32809,1
751,Albany,New York,81.0,0.35,67673,161,308580,1
752,Allegany,New York,6.0,0.51,11338,0,47400,1
753,Broome,New York,47.0,0.41,47891,68,196124,1
754,Chautauqua,New York,26.0,0.46,33458,4,130846,1
755,Chemung,New York,20.0,0.44,21007,5,86883,1
756,Chenango,New York,7.0,0.5,12688,3,48763,1
757,Clinton,New York,21.0,0.48,17868,4,81224,1
758,Columbia,New York,9.0,0.48,18429,43,61481,1
759,Cortland,New York,12.0,0.48,10162,0,48334,1
760,Dutchess,New York,27.0,0.37,66971,160,295685,1
761,Erie,New York,190.0,0.3,216391,607,923995,0
762,Franklin,New York,13.0,0.52,11559,0,51054,1
763,Fulton,New York,8.0,0.48,13782,18,53955,1
764,Genesee,New York,10.0,0.48,13935,6,58537,1
765,Jefferson,New York,10.0,0.46,19760,0,116567,1
766,Lewis,New York,6.0,0.53,6305,0,26845,1
767,Madison,New York,6.0,0.47,16941,6,71760,1
768,Monroe,New York,154.0,0.27,166403,264,748680,0
769,Montgomery,New York,8.0,0.48,11948,5,49500,1
770,Nassau,New York,235.0,0.12,318040,2704,1363069,0
771,Niagara,New York,32.0,0.38,52917,67,212675,1
772,Oneida,New York,26.0,0.42,56184,104,232324,1
773,Onondaga,New York,118.0,0.34,103054,180,467669,0
774,Ontario,New York,27.0,0.44,27978,26,109491,1
775,Orange,New York,76.0,0.36,70347,403,378174,1
776,Oswego,New York,8.0,0.46,25826,0,119833,1
777,Otsego,New York,14.0,0.5,16165,6,60750,1
778,Putnam,New York,10.0,0.36,22683,61,99464,1
779,Rensselaer,New York,24.0,0.42,35905,38,159800,1
780,St. Lawrence,New York,20.0,0.5,24432,4,110817,1
781,Schenectady,New York,36.0,0.35,34957,34,155239,1
782,Steuben,New York,8.0,0.48,24270,19,97539,1
783,Suffolk,New York,250.0,0.2,326104,2039,1497595,2
784,Tompkins,New York,16.0,0.44,18998,2,104415,1
785,Ulster,New York,25.0,0.43,45203,49,180129,1
786,Warren,New York,24.0,0.48,17940,31,64701,1
787,Wayne,New York,8.0,0.46,22194,1,91442,1
788,Westchester,New York,158.0,0.2,214443,1568,975321,0
789,Wyoming,New York,5.0,0.5,9523,3,40886,1
790,Alamance,North Carolina,20.0,0.39,35388,37,157844,1
791,Beaufort,North Carolina,8.0,0.5,14046,0,47316,1
792,Bladen,North Carolina,4.0,0.52,9534,5,34130,1
793,Brunswick,North Carolina,19.0,0.44,46285,13,122586,1
794,Buncombe,North Carolina,146.0,0.37,64710,50,252268,1
795,Burke,North Carolina,16.0,0.43,23258,21,88898,1
796,Cabarrus,North Carolina,15.0,0.36,35521,33,196716,1
797,Caldwell,North Carolina,12.0,0.43,20816,6,81805,1
798,Carteret,North Carolina,8.0,0.46,21116,4,68699,1
799,Catawba,North Carolina,52.0,0.36,35455,14,156182,1
800,Chatham,North Carolina,4.0,0.47,20511,46,68364,1
801,Chowan,North Carolina,4.0,0.52,4452,0,14370,1
802,Cleveland,North Carolina,57.0,0.44,23687,9,97038,1
803,Craven,North Carolina,72.0,0.44,24450,8,103374,1
804,Cumberland,North Carolina,56.0,0.35,52166,43,332766,1
805,Davidson,North Carolina,29.0,0.4,37797,16,164118,1
806,Duplin,North Carolina,9.0,0.49,13785,33,59350,1
807,Durham,North Carolina,70.0,0.29,51648,72,300865,1
808,Edgecombe,North Carolina,15.0,0.47,13212,9,54032,1
809,Forsyth,North Carolina,180.0,0.26,76042,40,368362,1
810,Gaston,North Carolina,57.0,0.33,46215,17,214049,1
811,Granville,North Carolina,6.0,0.47,13167,25,58503,1
812,Guilford,North Carolina,107.0,0.3,102558,131,517197,0
813,Halifax,North Carolina,16.0,0.49,13866,4,52300,1
814,Harnett,North Carolina,14.0,0.44,21027,32,128753,1
815,Haywood,North Carolina,12.0,0.47,18819,0,59854,1
816,Henderson,North Carolina,27.0,0.39,35451,51,112156,1
817,Hertford,North Carolina,10.0,0.51,6311,11,24262,1
818,Iredell,North Carolina,36.0,0.4,34692,10,169798,1
819,Jackson,North Carolina,9.0,0.5,10654,3,41725,1
820,Johnston,North Carolina,24.0,0.42,33619,38,186308,1
821,Lee,North Carolina,8.0,0.44,12481,8,59805,1
822,Lincoln,North Carolina,10.0,0.42,18644,2,80504,1
823,McDowell,North Carolina,9.0,0.48,11491,2,45069,1
824,Macon,North Carolina,5.0,0.51,12106,1,34160,1
825,Martin,North Carolina,6.0,0.52,6835,6,23227,1
826,Mecklenburg,North Carolina,141.0,0.15,156489,174,1034290,0
827,Nash,North Carolina,21.0,0.44,22363,6,94125,1
828,New Hanover,North Carolina,29.0,0.27,48907,8,219866,1
829,Onslow,North Carolina,14.0,0.41,22983,5,192685,1
830,Pasquotank,North Carolina,10.0,0.47,8584,17,39546,1
831,Person,North Carolina,6.0,0.49,9982,1,39240,1
832,Pitt,North Carolina,71.0,0.41,30269,6,176484,1
833,Polk,North Carolina,6.0,0.51,7657,5,20434,1
834,Randolph,North Carolina,12.0,0.44,32782,33,142827,1
835,Robeson,North Carolina,25.0,0.45,26448,46,134187,1
836,Rockingham,North Carolina,9.0,0.45,24175,2,91566,1
837,Rowan,North Carolina,20.0,0.41,31195,45,138940,1
838,Rutherford,North Carolina,18.0,0.47,18012,11,66523,1
839,Sampson,North Carolina,8.0,0.49,14291,8,63664,1
840,Scotland,North Carolina,8.0,0.48,8246,2,35445,1
841,Stanly,North Carolina,10.0,0.47,14861,5,60875,1
842,Surry,North Carolina,10.0,0.46,18749,3,72315,1
843,Transylvania,North Carolina,4.0,0.49,12332,1,33291,1
844,Union,North Carolina,14.0,0.38,36152,30,222095,1
845,Vance,North Carolina,20.0,0.47,10563,40,44420,1
846,Wake,North Carolina,117.0,0.24,157546,86,1023811,0
847,Watauga,North Carolina,10.0,0.47,11059,0,53421,1
848,Wayne,North Carolina,16.0,0.43,26321,34,124496,1
849,Wilkes,North Carolina,8.0,0.48,18236,7,68525,1
850,Wilson,North Carolina,14.0,0.45,19331,27,81379,1
851,Burleigh,North Dakota,52.0,0.48,18957,0,92372,1
852,Cass,North Dakota,111.0,0.46,27710,73,170620,1
853,Grand Forks,North Dakota,16.0,0.49,11680,4,70130,1
854,Stark,North Dakota,4.0,0.54,5319,3,30316,1
855,Stutsman,North Dakota,6.0,0.56,5310,2,21058,1
856,Ward,North Dakota,19.0,0.52,11458,1,69628,1
857,Allen,Ohio,34.0,0.42,24080,41,104157,1
858,Ashland,Ohio,6.0,0.48,12790,3,53299,1
859,Ashtabula,Ohio,19.0,0.45,25127,44,98622,1
860,Auglaize,Ohio,6.0,0.48,10738,4,45778,1
861,Butler,Ohio,56.0,0.31,73222,48,375702,1
862,Clark,Ohio,38.0,0.4,33970,11,135520,1
863,Clermont,Ohio,16.0,0.37,43133,7,202166,1
864,Clinton,Ohio,6.0,0.49,9347,2,41869,1
865,Columbiana,Ohio,20.0,0.44,27542,60,104584,1
866,Coshocton,Ohio,7.0,0.51,9240,4,36602,1
867,Crawford,Ohio,9.0,0.48,11322,5,42231,1
868,Cuyahoga,Ohio,397.0,0.13,297844,406,1257401,0
869,Darke,Ohio,6.0,0.49,13217,26,51919,1
870,Defiance,Ohio,8.0,0.49,9084,3,38311,1
871,Delaware,Ohio,6.0,0.39,34052,15,193024,1
872,Erie,Ohio,18.0,0.43,20550,22,75369,1
873,Fairfield,Ohio,20.0,0.42,31843,17,151526,1
874,Franklin,Ohio,368.0,0.18,205767,456,1253507,0
875,Fulton,Ohio,7.0,0.48,9768,0,42296,1
876,Gallia,Ohio,14.0,0.51,7248,1,30203,1
877,Geauga,Ohio,12.0,0.43,23672,42,93895,1
878,Greene,Ohio,20.0,0.39,36821,9,164825,1
879,Guernsey,Ohio,11.0,0.5,10004,4,39414,1
880,Hamilton,Ohio,232.0,0.18,169087,211,808703,0
881,Hancock,Ohio,4.0,0.46,16816,1,75508,1
882,Henry,Ohio,5.0,0.51,6575,0,27463,1
883,Holmes,Ohio,4.0,0.49,7689,5,43808,1
884,Huron,Ohio,12.0,0.48,13292,3,58497,1
885,Jefferson,Ohio,12.0,0.45,18775,2,67349,1
886,Knox,Ohio,12.0,0.48,14197,1,60945,1
887,Lake,Ohio,27.0,0.27,58488,23,229701,1
888,Licking,Ohio,13.0,0.42,36737,14,170678,1
889,Lorain,Ohio,54.0,0.33,71677,71,305405,1
890,Lucas,Ohio,158.0,0.27,92861,306,433404,0
891,Madison,Ohio,13.0,0.49,8744,9,43732,1
892,Mahoning,Ohio,38.0,0.35,62316,240,231857,1
893,Marion,Ohio,15.0,0.46,15039,39,65483,1
894,Medina,Ohio,12.0,0.39,40244,32,176362,1
895,Mercer,Ohio,5.0,0.5,9546,11,40723,1
896,Miami,Ohio,10.0,0.43,25472,31,104081,1
897,Montgomery,Ohio,208.0,0.26,124285,42,531987,0
898,Morrow,Ohio,3.0,0.5,8133,1,34935,1
899,Muskingum,Ohio,24.0,0.47,20112,1,85933,1
900,Ottawa,Ohio,4.0,0.47,12744,24,40769,1
901,Pickaway,Ohio,8.0,0.48,11657,42,57075,1
902,Portage,Ohio,16.0,0.39,34412,59,162080,1
903,Richland,Ohio,37.0,0.42,30674,7,121533,1
904,Ross,Ohio,12.0,0.48,16764,3,77125,1
905,Sandusky,Ohio,18.0,0.47,14131,15,59559,1
906,Scioto,Ohio,16.0,0.47,17977,0,76871,1
907,Seneca,Ohio,5.0,0.48,13111,2,55549,1
908,Shelby,Ohio,7.0,0.48,10525,4,48902,1
909,Stark,Ohio,68.0,0.32,94437,117,374273,1
910,Summit,Ohio,145.0,0.21,126698,211,541318,0
911,Trumbull,Ohio,42.0,0.39,55450,80,203341,1
912,Tuscarawas,Ohio,10.0,0.46,23202,11,92531,1
913,Union,Ohio,7.0,0.48,8714,1,54688,1
914,Van Wert,Ohio,5.0,0.5,6946,1,28262,1
915,Warren,Ohio,16.0,0.35,42520,27,223868,1
916,Washington,Ohio,11.0,0.48,16090,20,60871,1
917,Wayne,Ohio,14.0,0.44,26488,56,115915,1
918,Williams,Ohio,7.0,0.5,9106,2,37061,1
919,Wood,Ohio,10.0,0.43,25640,52,129504,1
920,Beckham,Oklahoma,6.0,0.55,4406,0,22971,1
921,Bryan,Oklahoma,8.0,0.51,10589,1,45068,1
922,Canadian,Oklahoma,8.0,0.45,23558,3,132922,1
923,Carter,Oklahoma,13.0,0.51,10584,2,48407,1
924,Cherokee,Oklahoma,14.0,0.5,10095,1,48404,1
925,Cleveland,Oklahoma,55.0,0.38,47856,40,274024,1
926,Comanche,Oklahoma,28.0,0.45,20343,9,123066,1
927,Custer,Oklahoma,4.0,0.53,5338,0,29169,1
928,Delaware,Oklahoma,6.0,0.51,13064,17,41878,1
929,Garfield,Oklahoma,30.0,0.5,13092,2,62421,1
930,Grady,Oklahoma,9.0,0.5,11298,5,54351,1
931,Jackson,Oklahoma,6.0,0.53,4799,3,25574,1
932,Kay,Oklahoma,10.0,0.5,11238,9,45173,1
933,Le Flore,Oklahoma,4.0,0.51,11673,1,49860,1
934,Muskogee,Oklahoma,24.0,0.48,15273,14,69471,1
935,Oklahoma,Oklahoma,264.0,0.27,140665,77,774203,0
936,Ottawa,Oklahoma,9.0,0.51,7607,2,31725,1
937,Payne,Oklahoma,11.0,0.47,13033,2,80634,1
938,Pittsburg,Oklahoma,15.0,0.52,11478,3,44673,1
939,Pontotoc,Oklahoma,12.0,0.51,8264,2,38289,1
940,Pottawatomie,Oklahoma,14.0,0.48,15322,4,71614,1
941,Rogers,Oklahoma,6.0,0.46,19479,8,90098,1
942,Stephens,Oklahoma,9.0,0.51,10951,1,44293,1
943,Tulsa,Oklahoma,276.0,0.27,120771,81,637123,0
944,Wagoner,Oklahoma,6.0,0.46,16229,19,76830,1
945,Woodward,Oklahoma,6.0,0.56,4043,0,21140,1
946,Baker,Oregon,2.0,0.59,5273,0,15980,1
947,Benton,Oregon,12.0,0.46,18413,6,88249,1
948,Clackamas,Oregon,70.0,0.41,94656,29,399962,0
949,Clatsop,Oregon,4.0,0.52,10800,0,38021,1
950,Coos,Oregon,12.0,0.52,21217,0,62921,1
951,Deschutes,Oregon,36.0,0.47,45371,1,175321,1
952,Douglas,Oregon,32.0,0.51,35360,1,107576,1
953,Harney,Oregon,2.0,0.65,2275,0,7195,1
954,Jackson,Oregon,34.0,0.45,60113,0,212070,1
955,Josephine,Oregon,12.0,0.48,28339,1,84514,1
956,Lane,Oregon,71.0,0.44,90330,3,363471,1
957,Linn,Oregon,11.0,0.47,29548,10,121074,1
958,Malheur,Oregon,8.0,0.58,6727,5,30421,1
959,Marion,Oregon,68.0,0.41,68700,56,330453,1
960,Multnomah,Oregon,165.0,0.28,143926,75,788459,0
961,Tillamook,Oregon,4.0,0.53,8856,0,25840,1
962,Umatilla,Oregon,8.0,0.51,15752,8,76736,1
963,Union,Oregon,4.0,0.56,6683,2,25810,1
964,Wasco,Oregon,17.0,0.56,6940,2,25687,1
965,Washington,Oregon,69.0,0.35,100693,21,572071,0
966,Yamhill,Oregon,11.0,0.46,22508,9,102366,1
967,Adams,Pennsylvania,8.0,0.44,26312,14,101589,1
968,Allegheny,Pennsylvania,443.0,0.18,303430,205,1229605,0
969,Armstrong,Pennsylvania,12.0,0.48,18721,6,66737,1
970,Beaver,Pennsylvania,20.0,0.38,45796,80,168161,1
971,Bedford,Pennsylvania,4.0,0.5,14259,4,48891,1
972,Berks,Pennsylvania,50.0,0.37,93051,360,415500,0
973,Blair,Pennsylvania,42.0,0.42,33231,1,124736,1
974,Bradford,Pennsylvania,42.0,0.5,16679,3,61546,1
975,Bucks,Pennsylvania,91.0,0.27,151809,572,626486,0
976,Butler,Pennsylvania,35.0,0.41,44846,13,185984,1
977,Cambria,Pennsylvania,19.0,0.43,39200,3,135871,1
978,Carbon,Pennsylvania,6.0,0.45,17239,28,63987,1
979,Chester,Pennsylvania,54.0,0.28,109411,337,514652,0
980,Clarion,Pennsylvania,7.0,0.5,9831,2,38747,1
981,Clearfield,Pennsylvania,15.0,0.48,21111,0,80539,1
982,Columbia,Pennsylvania,22.0,0.46,16359,35,66615,1
983,Crawford,Pennsylvania,16.0,0.47,22995,1,86847,1
984,Cumberland,Pennsylvania,31.0,0.38,58099,68,245801,1
985,Dauphin,Pennsylvania,36.0,0.36,61034,150,273329,1
986,Delaware,Pennsylvania,71.0,0.14,123831,718,563384,0
987,Erie,Pennsylvania,40.0,0.39,63334,13,277794,1
988,Fayette,Pennsylvania,15.0,0.44,36302,4,133160,1
989,Huntingdon,Pennsylvania,7.0,0.5,11826,4,45686,1
990,Indiana,Pennsylvania,12.0,0.47,21114,6,86551,1
991,Jefferson,Pennsylvania,5.0,0.5,11961,1,44258,1
992,Lackawanna,Pennsylvania,53.0,0.38,54892,212,211960,1
993,Lancaster,Pennsylvania,73.0,0.33,122633,388,536494,0
994,Lawrence,Pennsylvania,12.0,0.44,25000,9,88231,1
995,Lebanon,Pennsylvania,18.0,0.4,34280,51,137616,1
996,Lehigh,Pennsylvania,128.0,0.28,80015,330,360774,1
997,Luzerne,Pennsylvania,67.0,0.39,82489,181,318222,1
998,Lycoming,Pennsylvania,32.0,0.46,28691,20,115398,1
999,McKean,Pennsylvania,10.0,0.52,10418,1,42070,1
1000,Mercer,Pennsylvania,26.0,0.44,31083,6,113623,1
1001,Mifflin,Pennsylvania,10.0,0.48,12596,1,46452,1
1002,Monroe,Pennsylvania,24.0,0.4,37614,114,167306,1
1003,Montgomery,Pennsylvania,195.0,0.18,190034,835,818677,0
1004,Montour,Pennsylvania,68.0,0.49,5047,2,18302,1
1005,Northampton,Pennsylvania,50.0,0.31,74273,283,300941,1
1006,Philadelphia,Pennsylvania,367.0,0.07,287348,1664,1569657,2
1007,Potter,Pennsylvania,4.0,0.56,5099,0,17070,1
1008,Schuylkill,Pennsylvania,26.0,0.44,38502,48,144287,1
1009,Somerset,Pennsylvania,6.0,0.49,21498,1,75619,1
1010,Susquehanna,Pennsylvania,4.0,0.5,11975,26,41716,1
1011,Tioga,Pennsylvania,6.0,0.52,11363,2,41550,1
1012,Union,Pennsylvania,12.0,0.47,10058,2,45056,1
1013,Venango,Pennsylvania,8.0,0.49,15253,0,52880,1
1014,Warren,Pennsylvania,6.0,0.51,11948,1,40345,1
1015,Washington,Pennsylvania,16.0,0.41,55472,7,207661,1
1016,Wayne,Pennsylvania,8.0,0.49,15447,8,51656,1
1017,Westmoreland,Pennsylvania,33.0,0.37,103773,40,356835,1
1018,Wyoming,Pennsylvania,6.0,0.51,7271,7,27760,1
1019,York,Pennsylvania,70.0,0.35,99386,67,442216,0
1020,Kent,Rhode Island,15.0,0.31,40477,101,164012,1
1021,Newport,Rhode Island,10.0,0.32,22925,6,83204,1
1022,Providence,Rhode Island,204.0,0.27,128527,796,633704,0
1023,Washington,Rhode Island,17.0,0.37,33367,63,126190,1
1024,Abbeville,South Carolina,6.0,0.52,7042,2,24788,1
1025,Aiken,South Carolina,35.0,0.43,41209,13,165707,1
1026,Anderson,South Carolina,25.0,0.4,45832,21,194174,1
1027,Beaufort,South Carolina,24.0,0.39,56939,26,179316,1
1028,Charleston,South Carolina,221.0,0.37,82073,81,387847,1
1029,Cherokee,South Carolina,12.0,0.47,12263,9,56549,1
1030,Chester,South Carolina,6.0,0.51,7881,5,32424,1
1031,Chesterfield,South Carolina,6.0,0.5,10606,16,46127,1
1032,Clarendon,South Carolina,6.0,0.51,10223,47,34156,1
1033,Colleton,South Carolina,8.0,0.51,9996,26,37581,1
1034,Darlington,South Carolina,12.0,0.47,16204,18,67572,1
1035,Dillon,South Carolina,6.0,0.5,6605,16,31073,1
1036,Florence,South Carolina,63.0,0.43,30487,60,138537,1
1037,Georgetown,South Carolina,18.0,0.49,20484,10,61065,1
1038,Greenville,South Carolina,119.0,0.32,100264,123,490332,0
1039,Greenwood,South Carolina,20.0,0.46,16269,9,69981,1
1040,Hampton,South Carolina,6.0,0.53,4776,3,20066,1
1041,Horry,South Carolina,92.0,0.4,90290,79,310186,1
1042,Jasper,South Carolina,4.0,0.52,6289,3,27465,1
1043,Kershaw,South Carolina,10.0,0.48,15574,18,63734,1
1044,Lancaster,South Carolina,20.0,0.46,22468,18,86544,1
1045,Lexington,South Carolina,21.0,0.36,59280,69,281870,1
1046,Marion,South Carolina,10.0,0.5,8483,10,31765,1
1047,Newberry,South Carolina,7.0,0.51,9371,4,37914,1
1048,Orangeburg,South Carolina,20.0,0.47,22393,30,89116,1
1049,Pickens,South Carolina,4.0,0.41,25531,10,121449,1
1050,Richland,South Carolina,98.0,0.35,68651,102,404869,0
1051,Spartanburg,South Carolina,45.0,0.36,63159,59,297732,1
1052,Sumter,South Carolina,17.0,0.43,22798,31,107379,1
1053,Union,South Carolina,6.0,0.51,7465,0,27772,1
1054,Williamsburg,South Carolina,4.0,0.52,8243,17,32256,1
1055,York,South Carolina,24.0,0.38,48997,13,251664,1
1056,Beadle,South Dakota,6.0,0.57,4501,8,18163,1
1057,Brown,South Dakota,6.0,0.55,8651,2,38637,1
1058,Codington,South Dakota,8.0,0.53,6325,0,27963,1
1059,Davison,South Dakota,8.0,0.53,4889,1,19753,1
1060,Hughes,South Dakota,6.0,0.56,4017,2,17572,1
1061,Lawrence,South Dakota,5.0,0.53,6595,0,25018,1
1062,Meade,South Dakota,3.0,0.55,5515,1,27066,1
1063,Minnehaha,South Dakota,56.0,0.43,32585,61,183660,1
1064,Pennington,South Dakota,38.0,0.48,24271,21,108126,1
1065,Walworth,South Dakota,4.0,0.6,1683,0,5502,1
1066,Yankton,South Dakota,10.0,0.53,5565,2,22660,1
1067,Anderson,Tennessee,25.0,0.43,19563,2,75538,1
1068,Bedford,Tennessee,8.0,0.49,9596,10,46854,1
1069,Blount,Tennessee,8.0,0.41,32770,4,127135,1
1070,Bradley,Tennessee,27.0,0.41,22968,6,103666,1
1071,Campbell,Tennessee,10.0,0.49,10474,1,39824,1
1072,Carter,Tennessee,8.0,0.45,15434,2,56500,1
1073,Claiborne,Tennessee,5.0,0.5,8189,0,31566,1
1074,Cocke,Tennessee,5.0,0.49,9766,1,35262,1
1075,Coffee,Tennessee,13.0,0.48,12449,0,54074,1
1076,Cumberland,Tennessee,12.0,0.49,21229,5,58178,1
1077,Davidson,Tennessee,359.0,0.24,113356,160,678322,0
1078,DeKalb,Tennessee,4.0,0.52,4748,0,19380,1
1079,Dickson,Tennessee,6.0,0.48,10824,0,51341,1
1080,Dyer,Tennessee,14.0,0.5,8344,3,37751,1
1081,Franklin,Tennessee,10.0,0.5,10550,3,41397,1
1082,Gibson,Tennessee,3.0,0.49,11692,1,49222,1
1083,Giles,Tennessee,6.0,0.52,7499,1,29024,1
1084,Greene,Tennessee,17.0,0.47,18918,2,68520,1
1085,Hamblen,Tennessee,20.0,0.38,14917,5,63465,1
1086,Hamilton,Tennessee,151.0,0.31,81748,39,354589,1
1087,Hawkins,Tennessee,6.0,0.47,14964,2,56402,1
1088,Jefferson,Tennessee,6.0,0.45,13602,1,52887,1
1089,Knox,Tennessee,147.0,0.27,93686,17,452286,0
1090,Lawrence,Tennessee,6.0,0.5,9973,6,42591,1
1091,Lincoln,Tennessee,6.0,0.51,8761,0,33543,1
1092,Loudon,Tennessee,5.0,0.43,16724,3,51024,1
1093,McMinn,Tennessee,4.0,0.47,13164,19,52569,1
1094,Madison,Tennessee,89.0,0.44,21289,2,97887,1
1095,Maury,Tennessee,41.0,0.46,18777,4,87606,1
1096,Montgomery,Tennessee,21.0,0.39,25156,7,192120,1
1097,Overton,Tennessee,6.0,0.53,5857,1,21995,1
1098,Putnam,Tennessee,38.0,0.45,16721,7,75565,1
1099,Rhea,Tennessee,3.0,0.49,7787,0,32478,1
1100,Roane,Tennessee,6.0,0.46,15778,0,52926,1
1101,Robertson,Tennessee,8.0,0.46,13369,14,68575,1
1102,Rutherford,Tennessee,78.0,0.37,42641,40,298456,1
1103,Sevier,Tennessee,16.0,0.45,23741,4,95523,1
1104,Shelby,Tennessee,196.0,0.25,169553,233,937847,0
1105,Smith,Tennessee,2.0,0.52,4324,2,19279,1
1106,Sullivan,Tennessee,92.0,0.37,44012,5,156519,1
1107,Sumner,Tennessee,38.0,0.4,36997,57,175730,1
1108,Warren,Tennessee,8.0,0.49,9356,1,40210,1
1109,Washington,Tennessee,76.0,0.38,29936,0,126437,1
1110,White,Tennessee,4.0,0.51,7108,3,26394,1
1111,Williamson,Tennessee,28.0,0.39,37356,18,212161,1
1112,Wilson,Tennessee,12.0,0.43,27113,18,128874,1
1113,Anderson,Texas,10.0,0.5,11434,4,57747,1
1114,Angelina,Texas,39.0,0.48,18271,12,87700,1
1115,Atascosa,Texas,6.0,0.51,9558,2,48139,1
1116,Bee,Texas,8.0,0.52,5168,0,32729,1
1117,Bell,Texas,90.0,0.4,47766,15,336506,1
1118,Bexar,Texas,505.0,0.26,307269,229,1892004,2
1119,Bowie,Texas,58.0,0.46,20099,29,93635,1
1120,Brazoria,Texas,16.0,0.41,57101,28,345995,1
1121,Brazos,Texas,48.0,0.4,26525,38,214231,1
1122,Brewster,Texas,3.0,0.63,2537,1,9220,1
1123,Brown,Texas,12.0,0.52,9428,13,37787,1
1124,Burnet,Texas,12.0,0.51,12977,5,45017,1
1125,Calhoun,Texas,6.0,0.52,4869,3,21821,1
1126,Cameron,Texas,96.0,0.36,71392,89,420201,0
1127,Collin,Texas,107.0,0.3,135322,64,914075,0
1128,Comal,Texas,16.0,0.44,32206,30,129100,1
1129,Cooke,Texas,5.0,0.51,9693,0,39064,1
1130,Coryell,Texas,4.0,0.48,9667,3,75818,1
1131,Dallas,Texas,469.0,0.14,377154,485,2552213,2
1132,Denton,Texas,85.0,0.33,106598,41,781321,0
1133,Ector,Texas,30.0,0.44,21622,22,155744,1
1134,Ellis,Texas,18.0,0.43,29137,21,164092,1
1135,El Paso,Texas,225.0,0.33,133011,173,834825,0
1136,Erath,Texas,5.0,0.52,7785,1,41016,1
1137,Fannin,Texas,2.0,0.52,8521,8,33787,1
1138,Fort Bend,Texas,114.0,0.33,107897,69,711421,0
1139,Gillespie,Texas,10.0,0.54,9675,0,25939,1
1140,Gray,Texas,8.0,0.54,4745,4,22962,1
1141,Grayson,Texas,71.0,0.45,29807,7,126146,1
1142,Gregg,Texas,57.0,0.36,24309,16,123402,1
1143,Guadalupe,Texas,9.0,0.43,27355,4,150889,1
1144,Hale,Texas,5.0,0.51,6124,17,34527,1
1146,Hays,Texas,42.0,0.42,29297,14,194843,1
1147,Henderson,Texas,10.0,0.48,22345,5,79687,1
1148,Hidalgo,Texas,195.0,0.34,119536,240,839539,0
1149,Hood,Texas,12.0,0.46,17518,5,55418,1
1150,Hopkins,Texas,14.0,0.51,8258,0,35929,1
1151,Howard,Texas,8.0,0.52,6475,1,36491,1
1152,Hunt,Texas,16.0,0.47,19359,8,90322,1
1153,Hutchinson,Texas,4.0,0.54,4709,0,21704,1
1154,Jasper,Texas,6.0,0.52,8797,2,35444,1
1155,Jefferson,Texas,88.0,0.39,49559,44,254574,1
1156,Jim Wells,Texas,8.0,0.51,8333,0,41318,1
1157,Johnson,Texas,7.0,0.42,30241,4,160173,1
1158,Kaufman,Texas,8.0,0.46,19451,5,114852,1
1159,Kerr,Texas,12.0,0.51,17362,1,50761,1
1160,Kleberg,Texas,10.0,0.51,5398,1,31540,1
1161,Lamar,Texas,20.0,0.5,12011,14,49401,1
1162,Lavaca,Texas,3.0,0.54,6001,1,19859,1
1163,Limestone,Texas,6.0,0.53,5738,1,23480,1
1164,Lubbock,Texas,194.0,0.4,49312,65,298042,1
1165,McLennan,Texas,42.0,0.41,46694,20,245720,1
1166,Matagorda,Texas,6.0,0.52,8504,5,36744,1
1167,Maverick,Texas,10.0,0.51,8834,13,57471,1
1168,Montgomery,Texas,155.0,0.36,96577,46,535187,0
1169,Moore,Texas,3.0,0.53,3264,15,22016,1
1170,Nacogdoches,Texas,27.0,0.49,11946,33,65411,1
1171,Navarro,Texas,9.0,0.5,10925,8,48239,1
1172,Nolan,Texas,5.0,0.55,3544,0,14990,1
1173,Nueces,Texas,105.0,0.38,68411,75,358484,1
1174,Palo Pinto,Texas,8.0,0.53,7221,2,28109,1
1175,Parker,Texas,20.0,0.45,26729,1,125963,1
1176,Polk,Texas,8.0,0.52,12746,1,46974,1
1177,Potter,Texas,51.0,0.45,19850,39,121230,1
1178,Rockwall,Texas,20.0,0.37,14954,17,90414,1
1179,Smith,Texas,211.0,0.41,47438,10,222277,1
1180,Tarrant,Texas,400.0,0.16,306980,283,1983675,2
1181,Taylor,Texas,66.0,0.44,25874,11,135371,1
1182,Titus,Texas,8.0,0.5,6098,6,32664,1
1183,Tom Green,Texas,29.0,0.47,23527,9,116906,1
1184,Travis,Texas,301.0,0.29,160972,189,1176584,0
1185,Uvalde,Texas,6.0,0.55,6046,3,27015,1
1186,Val Verde,Texas,7.0,0.55,9283,8,48976,1
1187,Victoria,Texas,35.0,0.46,19189,18,91518,1
1188,Walker,Texas,6.0,0.49,11996,28,70818,1
1189,Washington,Texas,5.0,0.51,9303,33,34667,1
1190,Webb,Texas,56.0,0.45,34315,55,269624,1
1191,Wharton,Texas,4.0,0.51,9080,1,41430,1
1192,Wichita,Texas,12.0,0.43,25521,7,131778,1
1193,Williamson,Texas,100.0,0.38,81426,65,508313,0
1194,Wilson,Texas,4.0,0.51,10123,5,47205,1
1195,Wise,Texas,21.0,0.49,13012,5,63247,1
1196,Cache,Utah,14.0,0.46,15104,3,120288,1
1197,Carbon,Utah,6.0,0.55,4558,0,20512,1
1198,Davis,Utah,22.0,0.31,45623,7,334977,1
1199,Duchesne,Utah,4.0,0.58,3119,0,20259,1
1200,Iron,Utah,6.0,0.54,7853,0,48504,1
1201,Salt Lake,Utah,230.0,0.28,164497,135,1106700,0
1202,San Juan,Utah,1.0,0.62,2833,18,15193,1
1203,Summit,Utah,4.0,0.54,6731,1,39731,1
1204,Tooele,Utah,4.0,0.54,8290,0,63357,1
1205,Uintah,Utah,4.0,0.57,4899,0,36343,1
1206,Utah,Utah,122.0,0.39,59457,30,576496,0
1207,Washington,Utah,32.0,0.47,40002,7,155577,1
1208,Weber,Utah,64.0,0.38,38967,18,244101,1
1209,Bennington,Vermont,10.0,0.51,10413,1,36054,1
1210,Caledonia,Vermont,4.0,0.52,8308,0,30576,1
1211,Chittenden,Vermont,21.0,0.41,31691,39,160985,1
1212,Orange,Vermont,2.0,0.52,7904,0,28901,1
1213,Orleans,Vermont,5.0,0.53,7930,0,26951,1
1214,Rutland,Vermont,13.0,0.49,16414,1,59676,1
1215,Washington,Vermont,14.0,0.48,15091,1,58691,1
1216,Accomack,Virginia,10.0,0.51,9713,14,32840,1
1217,Albemarle,Virginia,12.0,0.45,24260,10,105105,1
1218,Alleghany,Virginia,10.0,0.53,4783,2,15489,1
1219,Arlington,Virginia,32.0,0.12,32701,134,229534,1
1220,Augusta,Virginia,8.0,0.47,19681,2,74390,1
1221,Buchanan,Virginia,12.0,0.53,6055,0,22611,1
1222,Chesterfield,Virginia,94.0,0.29,65652,64,335594,1
1223,Culpeper,Virginia,6.0,0.48,10197,12,49795,1
1224,Essex,Virginia,7.0,0.54,3102,0,11083,1
1225,Fauquier,Virginia,8.0,0.47,15267,8,68406,1
1226,Gloucester,Virginia,7.0,0.47,9239,1,37035,1
1227,Halifax,Virginia,12.0,0.51,10489,1,35030,1
1228,Hanover,Virginia,24.0,0.43,23448,30,103218,1
1229,Henrico,Virginia,81.0,0.26,65204,175,324073,1
1230,Loudoun,Virginia,33.0,0.36,46809,101,374558,1
1231,Montgomery,Virginia,22.0,0.43,16371,3,97692,1
1232,Prince Edward,Virginia,8.0,0.51,5017,6,22903,1
1233,Prince William,Virginia,24.0,0.27,60739,160,450763,0
1234,Pulaski,Virginia,8.0,0.48,9988,2,34330,1
1235,Russell,Virginia,5.0,0.51,7582,0,27725,1
1236,Smyth,Virginia,4.0,0.51,8800,1,31298,1
1237,Spotsylvania,Virginia,12.0,0.42,23288,31,130159,1
1238,Stafford,Virginia,4.0,0.38,19771,6,141159,1
1239,Tazewell,Virginia,12.0,0.49,11682,0,42689,1
1240,Warren,Virginia,8.0,0.46,8490,8,38991,1
1241,Washington,Virginia,14.0,0.48,15381,4,54457,1
1242,Wise,Virginia,8.0,0.49,9345,3,39539,1
1243,Wythe,Virginia,6.0,0.51,8014,1,29048,1
1244,Benton,Washington,44.0,0.45,37874,100,190529,1
1245,Chelan,Washington,20.0,0.5,18408,8,75138,1
1246,Clallam,Washington,19.0,0.51,26654,0,73439,1
1247,Clark,Washington,96.0,0.35,92850,33,457474,0
1248,Cowlitz,Washington,18.0,0.46,26255,1,103590,1
1249,Island,Washington,6.0,0.42,24585,12,80323,1
1250,Jefferson,Washington,6.0,0.55,13626,0,30524,1
1251,King,Washington,541.0,0.3,386511,652,2118119,2
1252,Kitsap,Washington,20.0,0.32,59433,2,258903,1
1253,Kittitas,Washington,6.0,0.53,9312,0,43726,1
1254,Lewis,Washington,6.0,0.51,20549,3,76012,1
1255,Mason,Washington,6.0,0.49,18441,1,61569,1
1256,Pierce,Washington,197.0,0.34,157501,114,845193,0
1257,Skagit,Washington,6.0,0.47,31915,19,121725,1
1258,Snohomish,Washington,72.0,0.38,143234,182,771904,0
1259,Spokane,Washington,79.0,0.39,105082,45,490764,0
1260,Thurston,Washington,72.0,0.38,60028,8,269885,1
1261,Walla Walla,Washington,28.0,0.49,13443,3,59862,1
1262,Whatcom,Washington,24.0,0.45,47353,43,212738,1
1263,Whitman,Washington,6.0,0.53,6710,0,47794,1
1264,Yakima,Washington,52.0,0.46,44560,203,248279,1
1265,Berkeley,West Virginia,20.0,0.39,21894,10,111610,1
1266,Cabell,West Virginia,32.0,0.41,22787,0,96100,1
1267,Fayette,West Virginia,3.0,0.49,12150,4,44602,1
1268,Grant,West Virginia,3.0,0.55,3470,0,11673,1
1269,Greenbrier,West Virginia,12.0,0.52,10528,3,35523,1
1270,Harrison,West Virginia,20.0,0.45,17201,1,68438,1
1271,Jefferson,West Virginia,5.0,0.44,11916,4,55673,1
1272,Kanawha,West Virginia,100.0,0.42,49628,20,187827,1
1273,Lewis,West Virginia,6.0,0.53,4386,2,16371,1
1274,Logan,West Virginia,12.0,0.5,8559,1,34428,1
1275,McDowell,West Virginia,7.0,0.53,5272,0,19707,1
1276,Marshall,West Virginia,9.0,0.49,9258,0,32006,1
1277,Mason,West Virginia,5.0,0.51,7153,0,27000,1
1278,Mercer,West Virginia,17.0,0.46,16998,0,60963,1
1279,Mineral,West Virginia,4.0,0.5,7414,3,27421,1
1280,Mingo,West Virginia,6.0,0.51,6170,2,25150,1
1281,Monongalia,West Virginia,91.0,0.43,16742,5,103715,1
1282,Ohio,West Virginia,22.0,0.41,12039,3,42906,1
1283,Raleigh,West Virginia,27.0,0.45,20258,0,77097,1
1284,Upshur,West Virginia,4.0,0.52,6359,0,24604,1
1285,Wetzel,West Virginia,5.0,0.53,4523,0,15793,1
1286,Wood,West Virginia,18.0,0.43,22379,3,86016,1
1287,Barron,Wisconsin,5.0,0.5,12648,1,45358,1
1288,Brown,Wisconsin,56.0,0.37,49706,44,258004,1
1289,Chippewa,Wisconsin,6.0,0.48,14882,0,63445,1
1290,Columbia,Wisconsin,10.0,0.49,13488,1,56790,1
1291,Dane,Wisconsin,32.0,0.38,93985,33,522837,0
1292,Dodge,Wisconsin,10.0,0.47,20377,5,87833,1
1293,Door,Wisconsin,4.0,0.52,10267,3,27443,1
1294,Eau Claire,Wisconsin,40.0,0.45,20349,1,102388,1
1295,Fond du Lac,Wisconsin,15.0,0.45,24000,6,102082,1
1296,Green,Wisconsin,6.0,0.5,8908,1,36869,1
1297,Green Lake,Wisconsin,5.0,0.52,5437,0,18745,1
1298,Jefferson,Wisconsin,4.0,0.46,18308,4,84586,1
1299,Kenosha,Wisconsin,27.0,0.36,31603,47,167886,1
1300,La Crosse,Wisconsin,52.0,0.42,24464,0,117582,1
1301,Langlade,Wisconsin,4.0,0.54,5568,1,19190,1
1302,Manitowoc,Wisconsin,16.0,0.46,20684,1,79680,1
1303,Marathon,Wisconsin,52.0,0.46,30856,2,135293,1
1304,Marinette,Wisconsin,10.0,0.52,12297,3,40712,1
1305,Milwaukee,Wisconsin,455.0,0.12,173173,403,956586,0
1306,Oneida,Wisconsin,30.0,0.52,11792,0,35352,1
1307,Outagamie,Wisconsin,64.0,0.41,35410,10,183288,1
1308,Ozaukee,Wisconsin,46.0,0.4,21950,17,87817,1
1309,Polk,Wisconsin,3.0,0.51,11630,2,43328,1
1310,Portage,Wisconsin,12.0,0.48,15091,0,70371,1
1311,Price,Wisconsin,4.0,0.57,4514,0,13566,1
1312,Racine,Wisconsin,33.0,0.37,42061,66,195101,1
1313,Richland,Wisconsin,4.0,0.54,5148,4,17626,1
1314,Rock,Wisconsin,33.0,0.42,34912,24,161226,1
1315,Rusk,Wisconsin,4.0,0.55,4413,1,14211,1
1316,Sauk,Wisconsin,10.0,0.49,15064,3,63340,1
1317,Sheboygan,Wisconsin,13.0,0.43,27003,4,115094,1
1318,Walworth,Wisconsin,16.0,0.44,22640,18,102917,1
1319,Washington,Wisconsin,12.0,0.41,30378,19,133967,1
1320,Waukesha,Wisconsin,64.0,0.28,95193,40,396731,0
1321,Waupaca,Wisconsin,4.0,0.49,13904,13,51651,1
1322,Winnebago,Wisconsin,60.0,0.4,35586,14,169540,1
1323,Wood,Wisconsin,4.0,0.48,18838,1,73427,1
1324,Albany,Wyoming,4.0,0.55,5887,0,37944,1
1325,Campbell,Wyoming,14.0,0.56,6482,0,48116,1
1326,Carbon,Wyoming,6.0,0.61,3421,1,15689,1
1327,Fremont,Wyoming,12.0,0.57,9748,10,40354,1
1328,Laramie,Wyoming,15.0,0.49,20072,3,97031,1
1329,Natrona,Wyoming,14.0,0.51,16036,1,81023,1
1330,Park,Wyoming,4.0,0.59,8475,0,29276,1
1331,Sheridan,Wyoming,11.0,0.56,8337,0,29964,1
1332,Sweetwater,Wyoming,10.0,0.58,7015,2,44527,1
1333,Teton,Wyoming,6.0,0.57,4298,1,22923,1
1334,Uinta,Wyoming,6.0,0.56,3554,0,20758,1
